Image Urls,Product Name,Price,Model Number,Model Year,Gender,Diameter,Original Box,Original Papers,Product Url
"//watchcollectors.co.uk/cdn/shop/files/Chopard18KRoseGoldSecondHandWatchCollectors1_533x.jpg?v=1702574924, //watchcollectors.co.uk/cdn/shop/files/Chopard18KRoseGoldSecondHandWatchCollectors2_533x.jpg?v=1702574927, //watchcollectors.co.uk/cdn/shop/files/LouisVuitton18KRoseGoldSecondhandWatchCollectors1_533x.jpg?v=1702471203, //watchcollectors.co.uk/cdn/shop/files/LouisVuitton18KRoseGoldSecondhandWatchCollectors2_533x.jpg?v=1702571602, //watchcollectors.co.uk/cdn/shop/files/Rolex18KYellowGoldPearlmastersecondHandWatchcollectors1_533x.jpg?v=1702471209, //watchcollectors.co.uk/cdn/shop/files/Rolex18KYellowGoldPearlmastersecondHandWatchcollectors2_533x.jpg?v=1702471209, //watchcollectors.co.uk/cdn/shop/products/AP_01_533x.jpg?v=1652702498, //watchcollectors.co.uk/cdn/shop/products/AP_02_533x.jpg?v=1652702498","Chopard L.U.C 150 ALL-IN-ONE | REF. 161925-5001 | Limited to 15 Pieces | Tourbillon, Perpetual Calendar, Equation of TIme, Sunrise & Sunet, Moonphase & More | 18k Rose Gold | 46mm | Box & Papers | 2012","£165,000.00",161925-5001,2012,Mens,46,Yes,Yes,https://watchcollectors.co.uk/products/choaprd
"//watchcollectors.co.uk/cdn/shop/files/Chopard18KRoseGoldSecondHandWatchCollectors1_533x.jpg?v=1702574924, //watchcollectors.co.uk/cdn/shop/files/Chopard18KRoseGoldSecondHandWatchCollectors2_533x.jpg?v=1702574927, //watchcollectors.co.uk/cdn/shop/files/LouisVuitton18KRoseGoldSecondhandWatchCollectors1_533x.jpg?v=1702471203, //watchcollectors.co.uk/cdn/shop/files/LouisVuitton18KRoseGoldSecondhandWatchCollectors2_533x.jpg?v=1702571602, //watchcollectors.co.uk/cdn/shop/files/Rolex18KYellowGoldPearlmastersecondHandWatchcollectors1_533x.jpg?v=1702471209, //watchcollectors.co.uk/cdn/shop/files/Rolex18KYellowGoldPearlmastersecondHandWatchcollectors2_533x.jpg?v=1702471209, //watchcollectors.co.uk/cdn/shop/products/AP_01_533x.jpg?v=1652702498, //watchcollectors.co.uk/cdn/shop/products/AP_02_533x.jpg?v=1652702498",Louis Vuitton | Tambour XL Minute Repeater & Travel Time | 18k Rose Gold | Diamond Hours & Pave Diamond Shoulders | 44mm | Box & Papers,"£165,000.00",,NA,Gents,44,Yes,Yes,https://watchcollectors.co.uk/products/louis-vuitton-ref-tambour-xl-minute-repeater-travel-time-18k-rose-gold-box-papers
"//watchcollectors.co.uk/cdn/shop/files/Chopard18KRoseGoldSecondHandWatchCollectors1_533x.jpg?v=1702574924, //watchcollectors.co.uk/cdn/shop/files/Chopard18KRoseGoldSecondHandWatchCollectors2_533x.jpg?v=1702574927, //watchcollectors.co.uk/cdn/shop/files/LouisVuitton18KRoseGoldSecondhandWatchCollectors1_533x.jpg?v=1702471203, //watchcollectors.co.uk/cdn/shop/files/LouisVuitton18KRoseGoldSecondhandWatchCollectors2_533x.jpg?v=1702571602, //watchcollectors.co.uk/cdn/shop/files/Rolex18KYellowGoldPearlmastersecondHandWatchcollectors1_533x.jpg?v=1702471209, //watchcollectors.co.uk/cdn/shop/files/Rolex18KYellowGoldPearlmastersecondHandWatchcollectors2_533x.jpg?v=1702471209, //watchcollectors.co.uk/cdn/shop/products/AP_01_533x.jpg?v=1652702498, //watchcollectors.co.uk/cdn/shop/products/AP_02_533x.jpg?v=1652702498",Rare Rolex Lady DateJust Pearlmaster | REF. 69298 | White Mother of Pearl Diamond Dial | Diamond Bezel & Bracelet | 18k Yellow Gold | 1995,"£165,000.00",69298,1995,Womens,29,No - Comes With Watch Collectors Box,No - Comes With Proof Of Authenticity,https://watchcollectors.co.uk/products/rolex-lady-datejust-pearlmaster-ref-69298-white-mother-of-pearl-diamond-dial-18k-yellow-gold
"//watchcollectors.co.uk/cdn/shop/files/Chopard18KRoseGoldSecondHandWatchCollectors1_533x.jpg?v=1702574924, //watchcollectors.co.uk/cdn/shop/files/Chopard18KRoseGoldSecondHandWatchCollectors2_533x.jpg?v=1702574927, //watchcollectors.co.uk/cdn/shop/files/LouisVuitton18KRoseGoldSecondhandWatchCollectors1_533x.jpg?v=1702471203, //watchcollectors.co.uk/cdn/shop/files/LouisVuitton18KRoseGoldSecondhandWatchCollectors2_533x.jpg?v=1702571602, //watchcollectors.co.uk/cdn/shop/files/Rolex18KYellowGoldPearlmastersecondHandWatchcollectors1_533x.jpg?v=1702471209, //watchcollectors.co.uk/cdn/shop/files/Rolex18KYellowGoldPearlmastersecondHandWatchcollectors2_533x.jpg?v=1702471209, //watchcollectors.co.uk/cdn/shop/products/AP_01_533x.jpg?v=1652702498, //watchcollectors.co.uk/cdn/shop/products/AP_02_533x.jpg?v=1652702498",Rolex Yacht-Master 40 | REF. 126622 | Slate Dial | Box & Papers | 2021 | Stainless Steel & Platinum,"£165,000.00",126622,2021,Mens,40,Yes,Yes,https://watchcollectors.co.uk/products/rolex-yacht-master-40-ref-126622-slate-dial-box-papers-2021-stainless-steel-platinum
"//watchcollectors.co.uk/cdn/shop/files/Chopard18KRoseGoldSecondHandWatchCollectors1_533x.jpg?v=1702574924, //watchcollectors.co.uk/cdn/shop/files/Chopard18KRoseGoldSecondHandWatchCollectors2_533x.jpg?v=1702574927, //watchcollectors.co.uk/cdn/shop/files/LouisVuitton18KRoseGoldSecondhandWatchCollectors1_533x.jpg?v=1702471203, //watchcollectors.co.uk/cdn/shop/files/LouisVuitton18KRoseGoldSecondhandWatchCollectors2_533x.jpg?v=1702571602, //watchcollectors.co.uk/cdn/shop/files/Rolex18KYellowGoldPearlmastersecondHandWatchcollectors1_533x.jpg?v=1702471209, //watchcollectors.co.uk/cdn/shop/files/Rolex18KYellowGoldPearlmastersecondHandWatchcollectors2_533x.jpg?v=1702471209, //watchcollectors.co.uk/cdn/shop/products/AP_01_533x.jpg?v=1652702498, //watchcollectors.co.uk/cdn/shop/products/AP_02_533x.jpg?v=1652702498",Unworn Audemars Piguet Royal Oak Equation of Time - Equation Du Temps 'Geneve' | REF. 26603ST.OO.D002CR.01000 | Silvered Dial | Box & Papers | 2012 | Stainless Steel,"£165,000.00",26603ST.OO.D002CR.01000,2012,Mens,42,Yes,Yes,https://watchcollectors.co.uk/products/audemars-piguet-royal-oak-chronograph-ref-26603st-oo-d002cr-01000-blue-dial-box-papers-2010-stainless-steel
"//watchcollectors.co.uk/cdn/shop/files/Chopard18KRoseGoldSecondHandWatchCollectors1_533x.jpg?v=1702574924, //watchcollectors.co.uk/cdn/shop/files/Chopard18KRoseGoldSecondHandWatchCollectors2_533x.jpg?v=1702574927, //watchcollectors.co.uk/cdn/shop/files/LouisVuitton18KRoseGoldSecondhandWatchCollectors1_533x.jpg?v=1702471203, //watchcollectors.co.uk/cdn/shop/files/LouisVuitton18KRoseGoldSecondhandWatchCollectors2_533x.jpg?v=1702571602, //watchcollectors.co.uk/cdn/shop/files/Rolex18KYellowGoldPearlmastersecondHandWatchcollectors1_533x.jpg?v=1702471209, //watchcollectors.co.uk/cdn/shop/files/Rolex18KYellowGoldPearlmastersecondHandWatchcollectors2_533x.jpg?v=1702471209, //watchcollectors.co.uk/cdn/shop/products/AP_01_533x.jpg?v=1652702498, //watchcollectors.co.uk/cdn/shop/products/AP_02_533x.jpg?v=1652702498",Rolex Daytona | REF. 116520 | Black Dial | 2012 | Box & Papers | Stainless Steel,"£165,000.00",116520,2012,Mens,40,Yes,Yes,https://watchcollectors.co.uk/products/rolex-daytona-ref-116520-black-dial-2012-box-papers-stainless-steel-1
"//watchcollectors.co.uk/cdn/shop/files/Chopard18KRoseGoldSecondHandWatchCollectors1_533x.jpg?v=1702574924, //watchcollectors.co.uk/cdn/shop/files/Chopard18KRoseGoldSecondHandWatchCollectors2_533x.jpg?v=1702574927, //watchcollectors.co.uk/cdn/shop/files/LouisVuitton18KRoseGoldSecondhandWatchCollectors1_533x.jpg?v=1702471203, //watchcollectors.co.uk/cdn/shop/files/LouisVuitton18KRoseGoldSecondhandWatchCollectors2_533x.jpg?v=1702571602, //watchcollectors.co.uk/cdn/shop/files/Rolex18KYellowGoldPearlmastersecondHandWatchcollectors1_533x.jpg?v=1702471209, //watchcollectors.co.uk/cdn/shop/files/Rolex18KYellowGoldPearlmastersecondHandWatchcollectors2_533x.jpg?v=1702471209, //watchcollectors.co.uk/cdn/shop/products/AP_01_533x.jpg?v=1652702498, //watchcollectors.co.uk/cdn/shop/products/AP_02_533x.jpg?v=1652702498",Rare Rolex Daytona Beach Blue Turquoise | REF. 116509 | 18k White Gold | 2007,"£165,000.00",116509,2006,Mens,40,No - Comes With Watch Collectors Box,No - Comes With Proof Of Authenticity,https://watchcollectors.co.uk/products/rolex-daytona-beach-blue-ref-116509-18k-white-gold-2007
"//watchcollectors.co.uk/cdn/shop/files/Chopard18KRoseGoldSecondHandWatchCollectors1_533x.jpg?v=1702574924, //watchcollectors.co.uk/cdn/shop/files/Chopard18KRoseGoldSecondHandWatchCollectors2_533x.jpg?v=1702574927, //watchcollectors.co.uk/cdn/shop/files/LouisVuitton18KRoseGoldSecondhandWatchCollectors1_533x.jpg?v=1702471203, //watchcollectors.co.uk/cdn/shop/files/LouisVuitton18KRoseGoldSecondhandWatchCollectors2_533x.jpg?v=1702571602, //watchcollectors.co.uk/cdn/shop/files/Rolex18KYellowGoldPearlmastersecondHandWatchcollectors1_533x.jpg?v=1702471209, //watchcollectors.co.uk/cdn/shop/files/Rolex18KYellowGoldPearlmastersecondHandWatchcollectors2_533x.jpg?v=1702471209, //watchcollectors.co.uk/cdn/shop/products/AP_01_533x.jpg?v=1652702498, //watchcollectors.co.uk/cdn/shop/products/AP_02_533x.jpg?v=1652702498",Vacheron Constantin Malte Chronograph | REF. 49180 | Silver Dial | 40mm | 18k Rose Gold,"£165,000.00",49180,,Mens,40,No - Comes With Watch Collectors Box,Yes,https://watchcollectors.co.uk/products/vacheron-constantin-malte-chronograph-ref-49180-champagne-dial-40mm-18k-rose-gold
"//watchcollectors.co.uk/cdn/shop/files/Chopard18KRoseGoldSecondHandWatchCollectors1_533x.jpg?v=1702574924, //watchcollectors.co.uk/cdn/shop/files/Chopard18KRoseGoldSecondHandWatchCollectors2_533x.jpg?v=1702574927, //watchcollectors.co.uk/cdn/shop/files/LouisVuitton18KRoseGoldSecondhandWatchCollectors1_533x.jpg?v=1702471203, //watchcollectors.co.uk/cdn/shop/files/LouisVuitton18KRoseGoldSecondhandWatchCollectors2_533x.jpg?v=1702571602, //watchcollectors.co.uk/cdn/shop/files/Rolex18KYellowGoldPearlmastersecondHandWatchcollectors1_533x.jpg?v=1702471209, //watchcollectors.co.uk/cdn/shop/files/Rolex18KYellowGoldPearlmastersecondHandWatchcollectors2_533x.jpg?v=1702471209, //watchcollectors.co.uk/cdn/shop/products/AP_01_533x.jpg?v=1652702498, //watchcollectors.co.uk/cdn/shop/products/AP_02_533x.jpg?v=1652702498",Cartier Tank Americaine XL Chronograph | REF. 2892 | Automatic | 31mm | 18k Yellow Gold,"£165,000.00",2892,,Mens,31,No - Comes With Watch Collectors Box,No - Comes With Proof Of Authenticity,https://watchcollectors.co.uk/products/cartier-tank-americaine-chronograph-ref-2892-automatic-31mm-18k-yellow-gold
"//watchcollectors.co.uk/cdn/shop/files/Chopard18KRoseGoldSecondHandWatchCollectors1_533x.jpg?v=1702574924, //watchcollectors.co.uk/cdn/shop/files/Chopard18KRoseGoldSecondHandWatchCollectors2_533x.jpg?v=1702574927, //watchcollectors.co.uk/cdn/shop/files/LouisVuitton18KRoseGoldSecondhandWatchCollectors1_533x.jpg?v=1702471203, //watchcollectors.co.uk/cdn/shop/files/LouisVuitton18KRoseGoldSecondhandWatchCollectors2_533x.jpg?v=1702571602, //watchcollectors.co.uk/cdn/shop/files/Rolex18KYellowGoldPearlmastersecondHandWatchcollectors1_533x.jpg?v=1702471209, //watchcollectors.co.uk/cdn/shop/files/Rolex18KYellowGoldPearlmastersecondHandWatchcollectors2_533x.jpg?v=1702471209, //watchcollectors.co.uk/cdn/shop/products/AP_01_533x.jpg?v=1652702498, //watchcollectors.co.uk/cdn/shop/products/AP_02_533x.jpg?v=1652702498",Cartier Tank Americaine XL Chronograph | REF. 3072 | Automatic | 31mm | 18k Rose Gold,"£165,000.00",3072,,Mens,31,No - Comes With Watch Collectors Box,No - Comes With Proof Of Authenticity,https://watchcollectors.co.uk/products/cartier-tank-americaine-chronograph-ref-3072-automatic-31mm-18k-rose-gold
"//watchcollectors.co.uk/cdn/shop/files/Chopard18KRoseGoldSecondHandWatchCollectors1_533x.jpg?v=1702574924, //watchcollectors.co.uk/cdn/shop/files/Chopard18KRoseGoldSecondHandWatchCollectors2_533x.jpg?v=1702574927, //watchcollectors.co.uk/cdn/shop/files/LouisVuitton18KRoseGoldSecondhandWatchCollectors1_533x.jpg?v=1702471203, //watchcollectors.co.uk/cdn/shop/files/LouisVuitton18KRoseGoldSecondhandWatchCollectors2_533x.jpg?v=1702571602, //watchcollectors.co.uk/cdn/shop/files/Rolex18KYellowGoldPearlmastersecondHandWatchcollectors1_533x.jpg?v=1702471209, //watchcollectors.co.uk/cdn/shop/files/Rolex18KYellowGoldPearlmastersecondHandWatchcollectors2_533x.jpg?v=1702471209, //watchcollectors.co.uk/cdn/shop/products/AP_01_533x.jpg?v=1652702498, //watchcollectors.co.uk/cdn/shop/products/AP_02_533x.jpg?v=1652702498",Cartier Tank Americaine XL | REF. 2927 | Automatic | 31mm | 18k Rose Gold,"£165,000.00",2927,,Mens,31,No - Comes With Watch Collectors Box,No - Comes With Proof Of Authenticity,https://watchcollectors.co.uk/products/cartier-tank-americaine-ref-2927-automatic-31mm-18k-rose-gold
"//watchcollectors.co.uk/cdn/shop/files/Chopard18KRoseGoldSecondHandWatchCollectors1_533x.jpg?v=1702574924, //watchcollectors.co.uk/cdn/shop/files/Chopard18KRoseGoldSecondHandWatchCollectors2_533x.jpg?v=1702574927, //watchcollectors.co.uk/cdn/shop/files/LouisVuitton18KRoseGoldSecondhandWatchCollectors1_533x.jpg?v=1702471203, //watchcollectors.co.uk/cdn/shop/files/LouisVuitton18KRoseGoldSecondhandWatchCollectors2_533x.jpg?v=1702571602, //watchcollectors.co.uk/cdn/shop/files/Rolex18KYellowGoldPearlmastersecondHandWatchcollectors1_533x.jpg?v=1702471209, //watchcollectors.co.uk/cdn/shop/files/Rolex18KYellowGoldPearlmastersecondHandWatchcollectors2_533x.jpg?v=1702471209, //watchcollectors.co.uk/cdn/shop/products/AP_01_533x.jpg?v=1652702498, //watchcollectors.co.uk/cdn/shop/products/AP_02_533x.jpg?v=1652702498",Cartier Tank Americaine XL Chronograph | REF. 3073 | Automatic | 31mm | 18k White Gold,"£165,000.00",3073,,Mens,31,No - Comes With Watch Collectors Box,No - Comes With Proof Of Authenticity,https://watchcollectors.co.uk/products/cartier-tank-americaine-chronograph-ref-3073-automatic-31mm-18k-white-gold
"//watchcollectors.co.uk/cdn/shop/files/Chopard18KRoseGoldSecondHandWatchCollectors1_533x.jpg?v=1702574924, //watchcollectors.co.uk/cdn/shop/files/Chopard18KRoseGoldSecondHandWatchCollectors2_533x.jpg?v=1702574927, //watchcollectors.co.uk/cdn/shop/files/LouisVuitton18KRoseGoldSecondhandWatchCollectors1_533x.jpg?v=1702471203, //watchcollectors.co.uk/cdn/shop/files/LouisVuitton18KRoseGoldSecondhandWatchCollectors2_533x.jpg?v=1702571602, //watchcollectors.co.uk/cdn/shop/files/Rolex18KYellowGoldPearlmastersecondHandWatchcollectors1_533x.jpg?v=1702471209, //watchcollectors.co.uk/cdn/shop/files/Rolex18KYellowGoldPearlmastersecondHandWatchcollectors2_533x.jpg?v=1702471209, //watchcollectors.co.uk/cdn/shop/products/AP_01_533x.jpg?v=1652702498, //watchcollectors.co.uk/cdn/shop/products/AP_02_533x.jpg?v=1652702498",Cartier Tank Americaine XL | REF. 2928 | Automatic | 31mm | 18k White Gold,"£165,000.00",2928,,Mens,31,No - Comes With Watch Collectors Box,No - Comes With Proof Of Authenticity,https://watchcollectors.co.uk/products/cartier-tank-americaine-ref-2928-automatic-31mm-18k-white-gold
"//watchcollectors.co.uk/cdn/shop/files/Chopard18KRoseGoldSecondHandWatchCollectors1_533x.jpg?v=1702574924, //watchcollectors.co.uk/cdn/shop/files/Chopard18KRoseGoldSecondHandWatchCollectors2_533x.jpg?v=1702574927, //watchcollectors.co.uk/cdn/shop/files/LouisVuitton18KRoseGoldSecondhandWatchCollectors1_533x.jpg?v=1702471203, //watchcollectors.co.uk/cdn/shop/files/LouisVuitton18KRoseGoldSecondhandWatchCollectors2_533x.jpg?v=1702571602, //watchcollectors.co.uk/cdn/shop/files/Rolex18KYellowGoldPearlmastersecondHandWatchcollectors1_533x.jpg?v=1702471209, //watchcollectors.co.uk/cdn/shop/files/Rolex18KYellowGoldPearlmastersecondHandWatchcollectors2_533x.jpg?v=1702471209, //watchcollectors.co.uk/cdn/shop/products/AP_01_533x.jpg?v=1652702498, //watchcollectors.co.uk/cdn/shop/products/AP_02_533x.jpg?v=1652702498",Breguet Classique | REF. 5327BB/1E/9V6 | 18k White Gold | Box & Papers,"£165,000.00",5327BB/1E/9V6,,Mens,40,Yes,Yes,https://watchcollectors.co.uk/products/breguet-ref-5327-18k-white-gold-box-papers
"//watchcollectors.co.uk/cdn/shop/files/Chopard18KRoseGoldSecondHandWatchCollectors1_533x.jpg?v=1702574924, //watchcollectors.co.uk/cdn/shop/files/Chopard18KRoseGoldSecondHandWatchCollectors2_533x.jpg?v=1702574927, //watchcollectors.co.uk/cdn/shop/files/LouisVuitton18KRoseGoldSecondhandWatchCollectors1_533x.jpg?v=1702471203, //watchcollectors.co.uk/cdn/shop/files/LouisVuitton18KRoseGoldSecondhandWatchCollectors2_533x.jpg?v=1702571602, //watchcollectors.co.uk/cdn/shop/files/Rolex18KYellowGoldPearlmastersecondHandWatchcollectors1_533x.jpg?v=1702471209, //watchcollectors.co.uk/cdn/shop/files/Rolex18KYellowGoldPearlmastersecondHandWatchcollectors2_533x.jpg?v=1702471209, //watchcollectors.co.uk/cdn/shop/products/AP_01_533x.jpg?v=1652702498, //watchcollectors.co.uk/cdn/shop/products/AP_02_533x.jpg?v=1652702498",Unworn Cartier Cougar | REF. 387907 | Art Deco Mother of Pearl Dial | Diamond Bezel & Shoulders | 26mm | 18k White Gold | Circa 1990's,"£165,000.00",387907,1990s,Womens,26,No - Comes With Watch Collectors Box,No - Comes With Proof Of Authenticity,https://watchcollectors.co.uk/products/cartier-cougar-ref-387907-art-deco-mother-of-pearl-dial-diamond-bezel-shoulders-26mm-18k-yellow-gold
